FestivalID;Festival Name;CityID;CountryID;;;;;;;;;;;
1;2Takt Festival;80;5;;;;;;;;;;;
2;3000 Grad Festival;29;5;;;;;;;;;;;
3;6*-Festival;5;5;;;;;;;;;;;
4;Affenkäfig Festival;75;5;;;;;;;;;;;
5;AgratAmAgatha Festival;101;5;;;;;;;;;;;
6;Airbeat One Festival;83;5;;;;;;;;;;;
7;Anderewelt. Festival;113;5;;;;;;;;;;;
8;Bachblyten Festival;55;5;;;;;;;;;;;
9;Backyard Festival;117;5;;;;;;;;;;;
10;Behind the Moon Music Festival;108;5;;;;;;;;;;;
11;Between the Seas Festival;59;5;;;;;;;;;;;
12;Big Beach Spring Break;85;3;;;;;;;;;;;
13;Blacklist Festival;87;5;;;;;;;;;;;
14;Blade Festival;15;5;;;;;;;;;;;
15;Bluym Beats Festival;107;5;;;;;;;;;;;
16;Breakzone Festival;60;5;;;;;;;;;;;
17;Buchbusch Festival;91;5;;;;;;;;;;;
18;Bucht der Träumer* Festival;31;5;;;;;;;;;;;
19;Burning Beach Festival;95;5;;;;;;;;;;;
20;Burning Mountain Festival;129;7;;;;;;;;;;;
21;Castle Beats Festival;11;5;;;;;;;;;;;
22;Chimaera Festival;35;5;;;;;;;;;;;
23;Circle of Leaves;88;5;;;;;;;;;;;
24;Convent Festival;4;5;;;;;;;;;;;
25;Crown of Sound;68;5;;;;;;;;;;;
26;Danube Festival;6;5;;;;;;;;;;;
27;Day&Night Festival;85;3;;;;;;;;;;;
28;Defqon.1 Festival;7;6;;;;;;;;;;;
29;Delta Festival;72;4;;;;;;;;;;;
30;Docklands Festival;79;5;;;;;;;;;;;
31;Dorf of Tomorrow Festival;77;5;;;;;;;;;;;
32;EONLY Festival;81;5;;;;;;;;;;;
33;Echelon Open Air & Indoor Festival;3;5;;;;;;;;;;;
34;Electric Horizon Festival;94;5;;;;;;;;;;;
35;Electric Love Festival;92;1;;;;;;;;;;;
36;Electric Mountain Festival;115;1;;;;;;;;;;;
37;Electrifinity Festival;3;5;;;;;;;;;;;
38;Electrique Baroque Festival;122;5;;;;;;;;;;;
39;Electrisize Festival;27;5;;;;;;;;;;;
40;Elements Electronic Music Festival;18;5;;;;;;;;;;;
41;Evolution Festival;38;5;;;;;;;;;;;
42;Fairground Festival;49;5;;;;;;;;;;;
43;Familientreffen Sandersleben;105;5;;;;;;;;;;;
44;Fantasy Beach Festival;86;5;;;;;;;;;;;
45;Ferdinands Feld Festival;102;5;;;;;;;;;;;
46;Ferik Festival;26;5;;;;;;;;;;;
47;Fusion Festival;70;5;;;;;;;;;;;
48;GEht RAus! Open Air;41;5;;;;;;;;;;;
49;Great Love World Festival;109;5;;;;;;;;;;;
50;GuteZeit Festival;58;5;;;;;;;;;;;
51;Habitat Festival;47;5;;;;;;;;;;;
52;Hai in den Mai Festival;114;5;;;;;;;;;;;
53;Hain & Zunder Festival;67;5;;;;;;;;;;;
54;Harder Force Indoor Festival;52;5;;;;;;;;;;;
55;Havelbeats Festival;96;5;;;;;;;;;;;
56;Heaven & Hill Festival;82;5;;;;;;;;;;;
57;HeideWitzka Festival;54;5;;;;;;;;;;;
58;Heidebeat Festival;106;5;;;;;;;;;;;
59;Heimathafen Open Air;116;5;;;;;;;;;;;
60;Helene Beach Open Air;33;5;;;;;;;;;;;
61;Hill of Dreams Festival;12;5;;;;;;;;;;;
62;Himmelfahrt Festival;39;5;;;;;;;;;;;
63;Hitech Universe Open Air Festival;128;5;;;;;;;;;;;
64;Hive Festival;46;5;;;;;;;;;;;
65;Ikarus Festival;74;5;;;;;;;;;;;
66;In litore Festival;126;5;;;;;;;;;;;
67;Indian Spirit Festival;23;5;;;;;;;;;;;
68;Into the Madness Festival;130;5;;;;;;;;;;;
69;Isle of Summer;78;5;;;;;;;;;;;
70;Just White and Blue;68;5;;;;;;;;;;;
71;Kallisto Festival;30;5;;;;;;;;;;;
72;Kindheitstraum Festival;110;5;;;;;;;;;;;
73;Klangtherapie Festival;93;5;;;;;;;;;;;
74;Lacuna Festival;89;5;;;;;;;;;;;
75;Libella Festival;9;5;;;;;;;;;;;
76;Love Explosion Festival;100;5;;;;;;;;;;;
77;Lucky Lake Festival;66;5;;;;;;;;;;;
78;Luftliebe Festival;25;5;;;;;;;;;;;
79;Mayday;19;5;;;;;;;;;;;
80;Medival Open Air;42;5;;;;;;;;;;;
81;Megaton Festival;17;5;;;;;;;;;;;
82;Midsummer Festival Austria;63;1;;;;;;;;;;;
83;MoDem Festival;97;3;;;;;;;;;;;
84;Momentum Festival;118;5;;;;;;;;;;;
85;Moyn Festival;90;5;;;;;;;;;;;
86;Mysteryland;2;6;;;;;;;;;;;
87;Nachtiville Festival;125;5;;;;;;;;;;;
88;Nature One;57;5;;;;;;;;;;;
89;Nibirii Festival;21;5;;;;;;;;;;;
90;Noisy Festival;47;5;;;;;;;;;;;
91;Open Beatz Festival;53;5;;;;;;;;;;;
92;Orange Sun Festival;45;5;;;;;;;;;;;
93;Papaya Spring Break;85;3;;;;;;;;;;;
94;Paradies Garten Festival;13;1;;;;;;;;;;;
95;Parookaville Festival;124;5;;;;;;;;;;;
96;Pirate Beach Open Air;65;5;;;;;;;;;;;
97;PollerWiesen Opening;60;5;;;;;;;;;;;
98;Praerie Festival;36;5;;;;;;;;;;;
99;Pressure Doom 360 Cage Rave;14;5;;;;;;;;;;;
100;Rave and Sun Festival;43;5;;;;;;;;;;;
101;Rave on Snow Festival;103;1;;;;;;;;;;;
102;Ruhr in Love;87;5;;;;;;;;;;;
103;SMAG Sundance Festival;28;5;;;;;;;;;;;
104;Schall im Schilf Festival;37;5;;;;;;;;;;;
105;Sea You Festival;34;5;;;;;;;;;;;
106;Senne Beach Festival;56;5;;;;;;;;;;;
107;Shifted Festival;119;5;;;;;;;;;;;
108;Skalar Festival;31;5;;;;;;;;;;;
109;Snowbombing Festival;73;1;;;;;;;;;;;
110;SonneMondSterne Festival;104;5;;;;;;;;;;;
111;Sonnenbrand Festival;64;5;;;;;;;;;;;
112;Sonus Festival;85;3;;;;;;;;;;;
113;Spring Break Europe;85;3;;;;;;;;;;;
114;Sputnik Spring Break Festival;76;5;;;;;;;;;;;
115;Strandfieber Festival;44;5;;;;;;;;;;;
116;Strandgut Festival;22;5;;;;;;;;;;;
117;Subset Festival;127;7;;;;;;;;;;;
118;Summer Break Festival;43;5;;;;;;;;;;;
119;Summer Dream Festival;8;5;;;;;;;;;;;
120;Summer Sensation Beachfestival;102;5;;;;;;;;;;;
121;Sun Swing Festival;50;5;;;;;;;;;;;
122;SunIce Festival;112;7;;;;;;;;;;;
123;Supremacy - Germany Decoded;19;5;;;;;;;;;;;
124;Syndicate Festival;19;5;;;;;;;;;;;
125;Tag am Meer Festival;98;5;;;;;;;;;;;
126;Tante Mia Tanzt Festival;120;5;;;;;;;;;;;
127;Tanz der Bässe Festival;61;5;;;;;;;;;;;
128;Tanzinsel Open Air;40;5;;;;;;;;;;;
129;Tarmac Festival;1;5;;;;;;;;;;;
130;Tomorrowland Festival;10;2;;;;;;;;;;;
131;Toxicator Festival;71;5;;;;;;;;;;;
132;Trikaya Festival – The Transition;78;5;;;;;;;;;;;
133;Tropical Mountain Festival;62;5;;;;;;;;;;;
134;Ultra Europe Festival;111;3;;;;;;;;;;;
135;Vogelball Festival;47;5;;;;;;;;;;;
136;Volume X Kragelund Festival;121;5;;;;;;;;;;;
137;Voov Experience Festival;99;5;;;;;;;;;;;
138;Waikiki Open Air;16;5;;;;;;;;;;;
139;Waldfrieden Wonderland Festival;114;5;;;;;;;;;;;
140;Waves Open Air;123;5;;;;;;;;;;;
141;Waves Open Air Closing;123;5;;;;;;;;;;;
142;Welcome To My Garden Festival;48;5;;;;;;;;;;;
143;Widefield Open Air;79;5;;;;;;;;;;;
144;Wild & Free Weekend;85;3;;;;;;;;;;;
145;Wild Woods Festival;24;5;;;;;;;;;;;
146;Wilde Möhre Festival;20;5;;;;;;;;;;;
147;World Club Dome;32;5;;;;;;;;;;;
148;Zurück zu den Wurzeln Festival;84;5;;;;;;;;;;;
;;;;;;;;;;;;;;
;;;;;;;;;;;;;;
;;;;;;;;;;;;;;
;;;;;;;;;;;;;;
;;;;;;;;;;;;;;
;;;;;;;;;;;;;;
;;;;;;;;;;;;;;
;;;;;;;;;;;;;;
;;;;;;;;;;;;;;
;;;;;;;;;;;;;;
;;;;;;;;;;;;;;
;;;;;;;;;;;;;;
;;;;;;;;;;;;;;
;;;;;;;;;;;;;;
;;;;;;;;;;;;;;
;;;;;;;;;;;;;;
;;;;;;;;;;;;;;
;;;;;;;;;;;;;;
;;;;;;;;;;;;;;
;;;;;;;;;;;;;;
;;;;;;;;;;;;;;
;;;;;;;;;;;;;;
;;;;;;;;;;;;;;
;;;;;;;;;;;;;;
;;;;;;;;;;;;;;
;;;;;;;;;;;;;;
;;;;;;;;;;;;;;
;;;;;;;;;;;;;;
;;;;;;;;;;;;;;
;;;;;;;;;;;;;;
;;;;;;;;;;;;;;
;;;;;;;;;;;;;;
;;;;;;;;;;;;;;
;;;;;;;;;;;;;;
;;;;;;;;;;;;;;
;;;;;;;;;;;;;;
;;;;;;;;;;;;;;
;;;;;;;;;;;;;;
;;;;;;;;;;;;;;
;;;;;;;;;;;;;;
;;;;;;;;;;;;;;
;;;;;;;;;;;;;;
;;;;;;;;;;;;;;
;;;;;;;;;;;;;;
;;;;;;;;;;;;;;
;;;;;;;;;;;;;;
;;;;;;;;;;;;;;
;;;;;;;;;;;;;;
;;;;;;;;;;;;;;
;;;;;;;;;;;;;;
;;;;;;;;;;;;;;
;;;;;;;;;;;;;;
;;;;;;;;;;;;;;
;;;;;;;;;;;;;;
;;;;;;;;;;;;;;
;;;;;;;;;;;;;;
;;;;;;;;;;;;;;
;;;;;;;;;;;;;;
;;;;;;;;;;;;;;
;;;;;;;;;;;;;;
;;;;;;;;;;;;;;
;;;;;;;;;;;;;;
;;;;;;;;;;;;;;
;;;;;;;;;;;;;;
;;;;;;;;;;;;;;
;;;;;;;;;;;;;;
;;;;;;;;;;;;;;
;;;;;;;;;;;;;;
;;;;;;;;;;;;;;
;;;;;;;;;;;;;;
;;;;;;;;;;;;;;
;;;;;;;;;;;;;;
;;;;;;;;;;;;;;
;;;;;;;;;;;;;;
;;;;;;;;;;;;;;
;;;;;;;;;;;;;;
;;;;;;;;;;;;;;
;;;;;;;;;;;;;;
;;;;;;;;;;;;;;
;;;;;;;;;;;;;;
;;;;;;;;;;;;;;
;;;;;;;;;;;;;;
;;;;;;;;;;;;;;
;;;;;;;;;;;;;;
;;;;;;;;;;;;;;
;;;;;;;;;;;;;;
;;;;;;;;;;;;;;
;;;;;;;;;;;;;;
;;;;;;;;;;;;;;
;;;;;;;;;;;;;;
;;;;;;;;;;;;;;
;;;;;;;;;;;;;;
;;;;;;;;;;;;;;
;;;;;;;;;;;;;;
;;;;;;;;;;;;;;
;;;;;;;;;;;;;;
;;;;;;;;;;;;;;
;;;;;;;;;;;;;;
;;;;;;;;;;;;;;
;;;;;;;;;;;;;;
;;;;;;;;;;;;;;
;;;;;;;;;;;;;;
;;;;;;;;;;;;;;
;;;;;;;;;;;;;;
;;;;;;;;;;;;;;
;;;;;;;;;;;;;;
;;;;;;;;;;;;;;
;;;;;;;;;;;;;;
;;;;;;;;;;;;;;
;;;;;;;;;;;;;;
;;;;;;;;;;;;;;
;;;;;;;;;;;;;;
;;;;;;;;;;;;;;
;;;;;;;;;;;;;;
;;;;;;;;;;;;;;
;;;;;;;;;;;;;;
;;;;;;;;;;;;;;
;;;;;;;;;;;;;;
;;;;;;;;;;;;;;
;;;;;;;;;;;;;;
;;;;;;;;;;;;;;
;;;;;;;;;;;;;;
;;;;;;;;;;;;;;
;;;;;;;;;;;;;;
;;;;;;;;;;;;;;
;;;;;;;;;;;;;;
;;;;;;;;;;;;;;
;;;;;;;;;;;;;;
;;;;;;;;;;;;;;
;;;;;;;;;;;;;;
;;;;;;;;;;;;;;
;;;;;;;;;;;;;;
;;;;;;;;;;;;;;
;;;;;;;;;;;;;;
;;;;;;;;;;;;;;
;;;;;;;;;;;;;;
;;;;;;;;;;;;;;
;;;;;;;;;;;;;;
;;;;;;;;;;;;;;
;;;;;;;;;;;;;;
;;;;;;;;;;;;;;
;;;;;;;;;;;;;;
;;;;;;;;;;;;;;
;;;;;;;;;;;;;;
;;;;;;;;;;;;;;
;;;;;;;;;;;;;;
;;;;;;;;;;;;;;
;;;;;;;;;;;;;;
;;;;;;;;;;;;;;
;;;;;;;;;;;;;;
;;;;;;;;;;;;;;
;;;;;;;;;;;;;;
;;;;;;;;;;;;;;
;;;;;;;;;;;;;;
;;;;;;;;;;;;;;
;;;;;;;;;;;;;;
;;;;;;;;;;;;;;
;;;;;;;;;;;;;;
;;;;;;;;;;;;;;
;;;;;;;;;;;;;;
;;;;;;;;;;;;;;
;;;;;;;;;;;;;;
;;;;;;;;;;;;;;
;;;;;;;;;;;;;;
;;;;;;;;;;;;;;
;;;;;;;;;;;;;;
;;;;;;;;;;;;;;
;;;;;;;;;;;;;;
;;;;;;;;;;;;;;
;;;;;;;;;;;;;;
;;;;;;;;;;;;;;
;;;;;;;;;;;;;;
;;;;;;;;;;;;;;
;;;;;;;;;;;;;;
;;;;;;;;;;;;;;
;;;;;;;;;;;;;;
;;;;;;;;;;;;;;
;;;;;;;;;;;;;;
;;;;;;;;;;;;;;
;;;;;;;;;;;;;;
;;;;;;;;;;;;;;
;;;;;;;;;;;;;;
;;;;;;;;;;;;;;
;;;;;;;;;;;;;;
;;;;;;;;;;;;;;
;;;;;;;;;;;;;;
;;;;;;;;;;;;;;
;;;;;;;;;;;;;;
;;;;;;;;;;;;;;
;;;;;;;;;;;;;;
;;;;;;;;;;;;;;
;;;;;;;;;;;;;;
;;;;;;;;;;;;;;
;;;;;;;;;;;;;;
;;;;;;;;;;;;;;
;;;;;;;;;;;;;;
;;;;;;;;;;;;;;
;;;;;;;;;;;;;;
;;;;;;;;;;;;;;
;;;;;;;;;;;;;;
;;;;;;;;;;;;;;
;;;;;;;;;;;;;;
;;;;;;;;;;;;;;
;;;;;;;;;;;;;;
;;;;;;;;;;;;;;
;;;;;;;;;;;;;;
;;;;;;;;;;;;;;
;;;;;;;;;;;;;;
;;;;;;;;;;;;;;
;;;;;;;;;;;;;;
;;;;;;;;;;;;;;
;;;;;;;;;;;;;;
;;;;;;;;;;;;;;
;;;;;;;;;;;;;;
;;;;;;;;;;;;;;
;;;;;;;;;;;;;;
;;;;;;;;;;;;;;
;;;;;;;;;;;;;;
;;;;;;;;;;;;;;
;;;;;;;;;;;;;;
;;;;;;;;;;;;;;
;;;;;;;;;;;;;;
;;;;;;;;;;;;;;
;;;;;;;;;;;;;;
;;;;;;;;;;;;;;
;;;;;;;;;;;;;;
;;;;;;;;;;;;;;
;;;;;;;;;;;;;;
;;;;;;;;;;;;;;
;;;;;;;;;;;;;;
;;;;;;;;;;;;;;
;;;;;;;;;;;;;;
;;;;;;;;;;;;;;
;;;;;;;;;;;;;;
;;;;;;;;;;;;;;
;;;;;;;;;;;;;;
;;;;;;;;;;;;;;
;;;;;;;;;;;;;;
;;;;;;;;;;;;;;
;;;;;;;;;;;;;;
;;;;;;;;;;;;;;
;;;;;;;;;;;;;;
;;;;;;;;;;;;;;
;;;;;;;;;;;;;;
;;;;;;;;;;;;;;
;;;;;;;;;;;;;;
;;;;;;;;;;;;;;
;;;;;;;;;;;;;;
;;;;;;;;;;;;;;
;;;;;;;;;;;;;;
;;;;;;;;;;;;;;
;;;;;;;;;;;;;;
;;;;;;;;;;;;;;
;;;;;;;;;;;;;;
;;;;;;;;;;;;;;
;;;;;;;;;;;;;;
;;;;;;;;;;;;;;
;;;;;;;;;;;;;;
;;;;;;;;;;;;;;
;;;;;;;;;;;;;;
;;;;;;;;;;;;;;
;;;;;;;;;;;;;;
;;;;;;;;;;;;;;
;;;;;;;;;;;;;;
;;;;;;;;;;;;;;
;;;;;;;;;;;;;;
;;;;;;;;;;;;;;
;;;;;;;;;;;;;;
;;;;;;;;;;;;;;
;;;;;;;;;;;;;;
;;;;;;;;;;;;;;
;;;;;;;;;;;;;;
;;;;;;;;;;;;;;
;;;;;;;;;;;;;;
;;;;;;;;;;;;;;
;;;;;;;;;;;;;;
;;;;;;;;;;;;;;
;;;;;;;;;;;;;;
;;;;;;;;;;;;;;
;;;;;;;;;;;;;;
;;;;;;;;;;;;;;
;;;;;;;;;;;;;;
;;;;;;;;;;;;;;
;;;;;;;;;;;;;;
;;;;;;;;;;;;;;
;;;;;;;;;;;;;;
;;;;;;;;;;;;;;
;;;;;;;;;;;;;;
;;;;;;;;;;;;;;
;;;;;;;;;;;;;;
;;;;;;;;;;;;;;
;;;;;;;;;;;;;;
;;;;;;;;;;;;;;
;;;;;;;;;;;;;;
;;;;;;;;;;;;;;
;;;;;;;;;;;;;;
;;;;;;;;;;;;;;
;;;;;;;;;;;;;;
;;;;;;;;;;;;;;
;;;;;;;;;;;;;;
;;;;;;;;;;;;;;
;;;;;;;;;;;;;;
;;;;;;;;;;;;;;
;;;;;;;;;;;;;;
;;;;;;;;;;;;;;
;;;;;;;;;;;;;;
;;;;;;;;;;;;;;
;;;;;;;;;;;;;;
;;;;;;;;;;;;;;
;;;;;;;;;;;;;;
;;;;;;;;;;;;;;
;;;;;;;;;;;;;;
;;;;;;;;;;;;;;
;;;;;;;;;;;;;;
;;;;;;;;;;;;;;
;;;;;;;;;;;;;;
;;;;;;;;;;;;;;
;;;;;;;;;;;;;;
;;;;;;;;;;;;;;
;;;;;;;;;;;;;;
;;;;;;;;;;;;;;
;;;;;;;;;;;;;;
;;;;;;;;;;;;;;
;;;;;;;;;;;;;;
;;;;;;;;;;;;;;
;;;;;;;;;;;;;;
;;;;;;;;;;;;;;
;;;;;;;;;;;;;;
;;;;;;;;;;;;;;
;;;;;;;;;;;;;;
;;;;;;;;;;;;;;
;;;;;;;;;;;;;;
;;;;;;;;;;;;;;
;;;;;;;;;;;;;;
;;;;;;;;;;;;;;
;;;;;;;;;;;;;;
;;;;;;;;;;;;;;
;;;;;;;;;;;;;;
;;;;;;;;;;;;;;
;;;;;;;;;;;;;;
;;;;;;;;;;;;;;
;;;;;;;;;;;;;;
;;;;;;;;;;;;;;
;;;;;;;;;;;;;;
;;;;;;;;;;;;;;
;;;;;;;;;;;;;;
;;;;;;;;;;;;;;
;;;;;;;;;;;;;;
;;;;;;;;;;;;;;
;;;;;;;;;;;;;;
;;;;;;;;;;;;;;
;;;;;;;;;;;;;;
;;;;;;;;;;;;;;
;;;;;;;;;;;;;;
;;;;;;;;;;;;;;
;;;;;;;;;;;;;;
;;;;;;;;;;;;;;
;;;;;;;;;;;;;;
;;;;;;;;;;;;;;
;;;;;;;;;;;;;;
;;;;;;;;;;;;;;
;;;;;;;;;;;;;;
;;;;;;;;;;;;;;
;;;;;;;;;;;;;;
;;;;;;;;;;;;;;
;;;;;;;;;;;;;;
;;;;;;;;;;;;;;
;;;;;;;;;;;;;;
;;;;;;;;;;;;;;
;;;;;;;;;;;;;;
;;;;;;;;;;;;;;
;;;;;;;;;;;;;;
;;;;;;;;;;;;;;
;;;;;;;;;;;;;;
;;;;;;;;;;;;;;
;;;;;;;;;;;;;;
;;;;;;;;;;;;;;
;;;;;;;;;;;;;;
;;;;;;;;;;;;;;
;;;;;;;;;;;;;;
;;;;;;;;;;;;;;
;;;;;;;;;;;;;;
;;;;;;;;;;;;;;
;;;;;;;;;;;;;;
;;;;;;;;;;;;;;
;;;;;;;;;;;;;;
;;;;;;;;;;;;;;
;;;;;;;;;;;;;;
;;;;;;;;;;;;;;
;;;;;;;;;;;;;;
;;;;;;;;;;;;;;
;;;;;;;;;;;;;;
;;;;;;;;;;;;;;
;;;;;;;;;;;;;;
;;;;;;;;;;;;;;
;;;;;;;;;;;;;;
;;;;;;;;;;;;;;
;;;;;;;;;;;;;;
;;;;;;;;;;;;;;
;;;;;;;;;;;;;;
;;;;;;;;;;;;;;
;;;;;;;;;;;;;;
;;;;;;;;;;;;;;
;;;;;;;;;;;;;;
;;;;;;;;;;;;;;
;;;;;;;;;;;;;;
;;;;;;;;;;;;;;
;;;;;;;;;;;;;;
;;;;;;;;;;;;;;
;;;;;;;;;;;;;;
;;;;;;;;;;;;;;
;;;;;;;;;;;;;;
;;;;;;;;;;;;;;
;;;;;;;;;;;;;;
;;;;;;;;;;;;;;
;;;;;;;;;;;;;;
;;;;;;;;;;;;;;
;;;;;;;;;;;;;;
;;;;;;;;;;;;;;
;;;;;;;;;;;;;;
;;;;;;;;;;;;;;
;;;;;;;;;;;;;;
;;;;;;;;;;;;;;
;;;;;;;;;;;;;;
;;;;;;;;;;;;;;
;;;;;;;;;;;;;;
;;;;;;;;;;;;;;
;;;;;;;;;;;;;;
;;;;;;;;;;;;;;
;;;;;;;;;;;;;;
;;;;;;;;;;;;;;
;;;;;;;;;;;;;;
;;;;;;;;;;;;;;
;;;;;;;;;;;;;;
;;;;;;;;;;;;;;
;;;;;;;;;;;;;;
;;;;;;;;;;;;;;
;;;;;;;;;;;;;;
;;;;;;;;;;;;;;
;;;;;;;;;;;;;;
;;;;;;;;;;;;;;
;;;;;;;;;;;;;;
;;;;;;;;;;;;;;
;;;;;;;;;;;;;;
;;;;;;;;;;;;;;
;;;;;;;;;;;;;;
;;;;;;;;;;;;;;
;;;;;;;;;;;;;;
;;;;;;;;;;;;;;
;;;;;;;;;;;;;;
;;;;;;;;;;;;;;
;;;;;;;;;;;;;;
;;;;;;;;;;;;;;
;;;;;;;;;;;;;;
;;;;;;;;;;;;;;
;;;;;;;;;;;;;;
;;;;;;;;;;;;;;
;;;;;;;;;;;;;;
;;;;;;;;;;;;;;
;;;;;;;;;;;;;;
;;;;;;;;;;;;;;
;;;;;;;;;;;;;;
;;;;;;;;;;;;;;
;;;;;;;;;;;;;;
;;;;;;;;;;;;;;
;;;;;;;;;;;;;;
;;;;;;;;;;;;;;
;;;;;;;;;;;;;;
;;;;;;;;;;;;;;
;;;;;;;;;;;;;;
;;;;;;;;;;;;;;
;;;;;;;;;;;;;;
;;;;;;;;;;;;;;
;;;;;;;;;;;;;;
;;;;;;;;;;;;;;
;;;;;;;;;;;;;;
;;;;;;;;;;;;;;
;;;;;;;;;;;;;;
;;;;;;;;;;;;;;
;;;;;;;;;;;;;;
;;;;;;;;;;;;;;
;;;;;;;;;;;;;;
;;;;;;;;;;;;;;
;;;;;;;;;;;;;;
;;;;;;;;;;;;;;
;;;;;;;;;;;;;;
;;;;;;;;;;;;;;
;;;;;;;;;;;;;;
;;;;;;;;;;;;;;
;;;;;;;;;;;;;;
;;;;;;;;;;;;;;
;;;;;;;;;;;;;;
;;;;;;;;;;;;;;
;;;;;;;;;;;;;;
;;;;;;;;;;;;;;
;;;;;;;;;;;;;;
;;;;;;;;;;;;;;
;;;;;;;;;;;;;;
;;;;;;;;;;;;;;
;;;;;;;;;;;;;;
;;;;;;;;;;;;;;
;;;;;;;;;;;;;;
;;;;;;;;;;;;;;
;;;;;;;;;;;;;;
;;;;;;;;;;;;;;
;;;;;;;;;;;;;;
;;;;;;;;;;;;;;
;;;;;;;;;;;;;;
;;;;;;;;;;;;;;
;;;;;;;;;;;;;;
;;;;;;;;;;;;;;
;;;;;;;;;;;;;;
;;;;;;;;;;;;;;
;;;;;;;;;;;;;;
;;;;;;;;;;;;;;
;;;;;;;;;;;;;;
;;;;;;;;;;;;;;
;;;;;;;;;;;;;;
;;;;;;;;;;;;;;
;;;;;;;;;;;;;;
;;;;;;;;;;;;;;
;;;;;;;;;;;;;;
;;;;;;;;;;;;;;
;;;;;;;;;;;;;;
;;;;;;;;;;;;;;
;;;;;;;;;;;;;;
;;;;;;;;;;;;;;
;;;;;;;;;;;;;;
;;;;;;;;;;;;;;
;;;;;;;;;;;;;;
;;;;;;;;;;;;;;
;;;;;;;;;;;;;;
;;;;;;;;;;;;;;
;;;;;;;;;;;;;;
;;;;;;;;;;;;;;
;;;;;;;;;;;;;;
;;;;;;;;;;;;;;
;;;;;;;;;;;;;;
;;;;;;;;;;;;;;
;;;;;;;;;;;;;;
;;;;;;;;;;;;;;
;;;;;;;;;;;;;;
;;;;;;;;;;;;;;
;;;;;;;;;;;;;;
;;;;;;;;;;;;;;
;;;;;;;;;;;;;;
;;;;;;;;;;;;;;
;;;;;;;;;;;;;;
;;;;;;;;;;;;;;
;;;;;;;;;;;;;;
;;;;;;;;;;;;;;
;;;;;;;;;;;;;;
;;;;;;;;;;;;;;
